dyntaxa_scientific_name	helcom_peg_scientific_name	ices_rlist
Aphanocapsa conferta	Aphanocapsa elachista	PEG_BVOL
Aphanocapsa holsatica	Aphanocapsa holsatica	PEG_BVOL
Aphanocapsa reinboldii	Aphanocapsa reinboldii	PEG_BVOL
Coelomoron pusillum	Coelomoron pusillum	PEG_BVOL
Cyanonephron styloides	Cyanonephron styloides	PEG_BVOL
Microcystis ichthyoblabe	Microcystis ichthyoblabe	PEG_BVOL
Rhabdoderma lineare	Rhabdoderma lineare	PEG_BVOL
Synechococcus	Synechococcus	PEG_BVOL
Woronichinia naegeliana	Woronichinia naegeliana	PEG_BVOL
Planktolyngbya contorta	Planktolyngbya contorta	PEG_BVOL
Spirulina subsalsa	Spirulina subsalsa	PEG_BVOL
Aphanizomenon klebahnii	Aphanizomenon klebahnii	PEG_BVOL
Dolichospermum affine	Dolichospermum affine	PEG_BVOL
Dolichospermum lemmermannii	Dolichospermum lemmermannii	PEG_BVOL
Dolichospermum sigmoideum	Dolichospermum sigmoideum	PEG_BVOL


XXXXX-Gymnodinium vestifici	Gymnodinium vestificii	PEG_BVOL


Peridiniales	Peridiniales	PEG_BVOL
Uroglenopsis americana	Uroglenopsis americana	PEG_BVOL
Pseudopedinella pyriformis	Pseudopedinella pyriformis	PEG_BVOL
Pseudochattonella	Pseudochattonella	PEG_BVOL
Acanthoceras zachariasii	Acanthoceras zachariasii	PEG_BVOL
Stephanodiscus binderanus	Stephanodiscus binderanus	PEG_BVOL
Stephanodiscus rotula	Stephanodiscus rotula	PEG_BVOL
Asterionella formosa	Asterionella formosa	PEG_BVOL
Cocconeis placentula	Cocconeis placentula	PEG_BVOL
Cymatopleura elliptica	Cymatopleura elliptica	PEG_BVOL
Cymatopleura solea	Cymatopleura solea	PEG_BVOL
Fragilaria capucina	Fragilaria capucina	PEG_BVOL
Nitzschia	Nitzschia	PEG_BVOL
Euglenales	Euglenales	PEG_BVOL
Elakatothrix genevensis	Elakatothrix genevensis	PEG_BVOL
Closterium acerosum	Closterium acerosum	PEG_BVOL
Closterium strigosum	Closterium strigosum	PEG_BVOL
Treubaria triappendiculata	Treubaria triappendiculata	PEG_BVOL
Ankyra judayi	Ankyra judayi	PEG_BVOL
Desmodesmus communis	Desmodesmus communis	PEG_BVOL
Desmodesmus maximus	Desmodesmus maximus	PEG_BVOL
Monoraphidium contortum	Monoraphidium contortum	PEG_BVOL
Monoraphidium	Monoraphidium	PEG_BVOL
Pediastrum angulosum	Pediastrum angulosum	PEG_BVOL
Pseudopediastrum boryanum var. longicorne	Pediastrum boryanum var. longicorne	PEG_BVOL
Pediastrum duplex	Pediastrum duplex	PEG_BVOL
Schroederia setigera	Schroederia setigera	PEG_BVOL
Selenastrum bibraianum	Selenastrum bibraianum	PEG_BVOL
Stauridium tetras	Stauridium tetras	PEG_BVOL

Tetra�dron caudatum	Tetraedron caudatum	PEG_BVOL
Tetra�dron minimum	Tetraedron minimum	PEG_BVOL
Tetraëdron caudatum	Tetraedron caudatum	PEG_BVOL
Tetraëdron minimum	Tetraedron minimum	PEG_BVOL
Tetraëdron caudatum	Tetraedron caudatum	PEG_BVOL
Tetraëdron minimum	Tetraedron minimum	PEG_BVOL

Tetraedron triangulare	Tetraedron triangulare	PEG_BVOL
Tetrabaena socialis	Tetrabaena socialis	PEG_BVOL
Chlamydomonadales  	Volvocales	PEG_BVOL
Dictyosphaerium subsolitarium	Dictyosphaerium subsolitarium	PEG_BVOL
Willea irregularis	Crucigeniella irregularis	PEG_BVOL
Lagerheimia ciliata	Lagerheimia ciliata	PEG_BVOL
Lagerheimia citriformis	Lagerheimia citriformis	PEG_BVOL
Lagerheimia genevensis	Lagerheimia genevensis	PEG_BVOL
Lagerheimia subsalsa	Lagerheimia subsalsa	PEG_BVOL
Lagerheimia wratislaviensis	Lagerheimia wratislaviensis	PEG_BVOL
Anathece bachmannii	Anathece bachmannii	PEG_BVOL
Anathece clathrata	Anathece clathrata	PEG_BVOL
Anathece minutissima	Anathece minutissima	PEG_BVOL
Anathece smithii	Anathece smithii	PEG_BVOL
Aphanocapsa delicatissima	Aphanocapsa delicatissima	PEG_BVOL
Aphanocapsa planctonica	Aphanocapsa planctonica	PEG_BVOL
Aphanocapsa rivularis	Aphanocapsa rivularis	PEG_BVOL
Aphanocapsa	Aphanocapsa	PEG_BVOL
Aphanothece castagnei	Aphanothece castagnei	PEG_BVOL
Aphanothece paralleliformis	Aphanothece paralleliformis	PEG_BVOL
Aphanothece stagnina	Aphanothece stagnina	PEG_BVOL
Aphanothece	Aphanothece	PEG_BVOL
Chroococcales	Chroococcales	PEG_BVOL
Chroococcus aphanocapsoides	Chroococcus aphanocapsoides	PEG_BVOL
Chroococcus cumulatus	Chroococcus cumulatus	PEG_BVOL
Chroococcus dispersus	Chroococcus dispersus	PEG_BVOL
Chroococcus distans	Chroococcus distans	PEG_BVOL
Chroococcus microscopicus	Chroococcus microscopicus	PEG_BVOL
Chroococcus minimus	Chroococcus minimus	PEG_BVOL
Chroococcus minor	Chroococcus minor	PEG_BVOL
Chroococcus minutus	Chroococcus minutus	PEG_BVOL
Chroococcus turgidus	Chroococcus turgidus	PEG_BVOL
Chroococcus	Chroococcus	PEG_BVOL
Coelomoron	Coelomoron	PEG_BVOL
Coelosphaerium dubium	Coelosphaerium dubium	PEG_BVOL
Coelosphaerium kuetzingianum	Coelosphaerium kuetzingianum	PEG_BVOL
Coelosphaerium minutissimum	Coelosphaerium minutissimum	PEG_BVOL
Coelosphaerium subarcticum	Coelosphaerium subarcticum	PEG_BVOL
Coelosphaerium	Coelosphaerium	PEG_BVOL
Cyanodictyon balticum	Cyanodictyon balticum	PEG_BVOL
Cyanodictyon iac	Cyanodictyon iac	PEG_BVOL
Cyanodictyon planctonicum	Cyanodictyon planctonicum	PEG_BVOL
Cyanodictyon reticulatum	Cyanodictyon reticulatum	PEG_BVOL
Cyanodictyon tubiforme	Cyanodictyon tubiforme	PEG_BVOL
Cyanodictyon	Cyanodictyon	PEG_BVOL
Cyanonephron	Cyanonephron	PEG_BVOL
Eucapsis alpina	Eucapsis alpina	PEG_BVOL
Eucapsis minuta	Eucapsis minuta	PEG_BVOL
Eucapsis	Eucapsis	PEG_BVOL
Gomphosphaeria aponina	Gomphosphaeria aponina	PEG_BVOL
Gomphosphaeria salina	Gomphosphaeria salina	PEG_BVOL
Gomphosphaeria	Gomphosphaeria	PEG_BVOL
Lemmermanniella pallida	Lemmermanniella pallida	PEG_BVOL
Lemmermanniella parva	Lemmermanniella parva	PEG_BVOL
Lemmermanniella	Lemmermanniella	PEG_BVOL
Limnococcus limneticus	Limnococcus limneticus	PEG_BVOL
Merismopedia elegans	Merismopedia elegans	PEG_BVOL
Merismopedia glauca	Merismopedia glauca	PEG_BVOL
Merismopedia punctata	Merismopedia punctata	PEG_BVOL
Merismopedia tenuissima	Merismopedia tenuissima	PEG_BVOL
Merismopedia warmingiana	Merismopedia warmingiana	PEG_BVOL
Merismopedia	Merismopedia	PEG_BVOL
Microcystis aeruginosa	Microcystis aeruginosa	PEG_BVOL
Microcystis flosaquae	Microcystis flos-aquae	PEG_BVOL
Microcystis novacekii	Microcystis novacekii	PEG_BVOL
Microcystis viridis	Microcystis viridis	PEG_BVOL
Microcystis wesenbergii	Microcystis wesenbergii	PEG_BVOL
Microcystis	Microcystis	PEG_BVOL
Pannus spumosus	Pannus spumosus	PEG_BVOL
Pannus	Pannus	PEG_BVOL
Radiocystis geminata	Radiocystis geminata	PEG_BVOL
Rhabdoderma	Rhabdoderma	PEG_BVOL
Snowella atomus	Snowella atomus	PEG_BVOL
Snowella fennica	Snowella fennica	PEG_BVOL
Snowella lacustris	Snowella lacustris	PEG_BVOL
Snowella litoralis	Snowella litoralis	PEG_BVOL
Snowella septentrionalis	Snowella septentrionalis	PEG_BVOL
Snowella	Snowella	PEG_BVOL
Woronichinia compacta	Woronichinia compacta	PEG_BVOL
Woronichinia elorantae	Woronichinia elorantae	PEG_BVOL
Woronichinia fusca	Woronichinia fusca	PEG_BVOL
Woronichinia karelica	Woronichinia karelica	PEG_BVOL
Woronichinia	Woronichinia	PEG_BVOL
Kamptonema chlorinum	Kamptonema chlorinum	PEG_BVOL
Limnothrix planctonica	Limnothrix planctonica	PEG_BVOL
Limnothrix redekei	Limnothrix redekei	PEG_BVOL
Limnothrix	Limnothrix	PEG_BVOL
Lyngbya aestuarii	Lyngbya aestuarii	PEG_BVOL
Oscillatoria limosa	Oscillatoria limosa	PEG_BVOL
Oscillatoriales	Oscillatoriales	PEG_BVOL
Anagnostidinema amphibium	Geitlerinema amphibium	PEG_BVOL
Phormidium	Phormidium	PEG_BVOL
Planktolyngbya lacustris	Planktolyngbya lacustris	PEG_BVOL
Planktolyngbya limnetica	Planktolyngbya limnetica	PEG_BVOL
Planktolyngbya	Planktolyngbya	PEG_BVOL
Planktothrix agardhii	Planktothrix agardhii	PEG_BVOL
Planktothrix	Planktothrix	PEG_BVOL
Pseudanabaena acicularis	Pseudanabaena acicularis	PEG_BVOL
Pseudanabaena limnetica	Pseudanabaena limnetica	PEG_BVOL
Pseudanabaena mucicola	Pseudanabaena mucicola	PEG_BVOL
Pseudanabaena	Pseudanabaena	PEG_BVOL
Romeria	Romeria	PEG_BVOL
Spirulina major	Spirulina major	PEG_BVOL
Spirulina	Spirulina	PEG_BVOL
Tychonema bourrellyi	Tychonema bourrellyi	PEG_BVOL
Achroonema lentum	Achroonema lentum	PEG_BVOL
Achroonema proteiforme	Achroonema proteiforme	PEG_BVOL
Anabaena baltica	Anabaena baltica	PEG_BVOL
Anabaena cylindrica	Anabaena cylindrica	PEG_BVOL
Anabaena inaequalis	Anabaena inaequalis	PEG_BVOL
Anabaena oscillarioides	Anabaena oscillarioides	PEG_BVOL
Dolichospermum planctonicum	Anabaena planctonica	PEG_BVOL
Anabaena torulosa	Anabaena torulosa	PEG_BVOL
Anabaena	Anabaena	PEG_BVOL
Anabaenopsis elenkinii	Anabaenopsis elenkinii	PEG_BVOL
Anabaenopsis	Anabaenopsis	PEG_BVOL
Aphanizomenon flosaquae	Aphanizomenon flosaquae	PEG_BVOL
Aphanizomenon gracile	Aphanizomenon gracile	PEG_BVOL
Aphanizomenon hungaricum	Aphanizomenon hungaricum	PEG_BVOL
Aphanizomenon skujae	Aphanizomenon skujae	PEG_BVOL
Aphanizomenon yezoense	Aphanizomenon yezoense	PEG_BVOL
Aphanizomenon	Aphanizomenon	PEG_BVOL
Cuspidothrix issatschenkoi	Cuspidothrix issatschenkoi	PEG_BVOL
Dolichospermum crassum	Dolichospermum crassum	PEG_BVOL
Dolichospermum flosaquae	Dolichospermum flosaquae	PEG_BVOL
Dolichospermum heterosporum	Dolichospermum heterosporum	PEG_BVOL
Dolichospermum macrosporum	Dolichospermum macrosporum	PEG_BVOL
Dolichospermum smithii	Dolichospermum smithii	PEG_BVOL
Dolichospermum spiroides	Dolichospermum spiroides	PEG_BVOL
Dolichospermum	Dolichospermum	PEG_BVOL
Gloeotrichia echinulata	Gloeotrichia echinulata	PEG_BVOL
Gloeotrichia	Gloeotrichia	PEG_BVOL
Nodularia baltica	Nodularia baltica	PEG_BVOL
Nodularia harveyana	Nodularia harveyana	PEG_BVOL
Nodularia litorea	Nodularia litorea	PEG_BVOL
Nodularia spumigena	Nodularia spumigena	PEG_BVOL
Nodularia	Nodularia	PEG_BVOL
Chroomonas	Chroomonas	PEG_BVOL
Chroomonas baltica	Chroomonas baltica	PEG_BVOL
Chroomonas vectensis	Chroomonas vectensis	PEG_BVOL
Cryptomonas curvata	Cryptomonas curvata	PEG_BVOL
Cryptomonas erosa	Cryptomonas erosa	PEG_BVOL
Cryptomonas marssonii	Cryptomonas marssonii	PEG_BVOL
Cryptomonas obovata	Cryptomonas obovata	PEG_BVOL
Cryptomonas ovata	Cryptomonas ovata	PEG_BVOL
Cryptomonas platyuris	Cryptomonas platyuris	PEG_BVOL
Cryptomonas	Cryptomonas	PEG_BVOL
Hemiselmis virescens	Hemiselmis virescens	PEG_BVOL
Hemiselmis	Hemiselmis	PEG_BVOL
Komma caudata	Komma caudata	PEG_BVOL
Plagioselmis nannoplanctica	Plagioselmis nannoplanctica	PEG_BVOL
Plagioselmis prolonga	Plagioselmis prolonga	PEG_BVOL
Plagioselmis	Plagioselmis	PEG_BVOL
Rhodomonas baltica	Rhodomonas baltica	PEG_BVOL
Rhodomonas lacustris	Rhodomonas lacustris	PEG_BVOL
Rhodomonas marina	Rhodomonas marina	PEG_BVOL
Rhodomonas salina	Rhodomonas salina	PEG_BVOL
Rhodomonas	Rhodomonas	PEG_BVOL
Teleaulax acuta	Teleaulax acuta	PEG_BVOL
Teleaulax amphioxeia	Teleaulax amphioxeia	PEG_BVOL
Teleaulax	Teleaulax	PEG_BVOL
Cryptomonadales	Cryptomonadales	PEG_BVOL
Mesoporos perforatus	Mesoporos perforatus	PEG_BVOL
Prorocentrum balticum	Prorocentrum balticum	PEG_BVOL
Prorocentrum cordatum	Prorocentrum cordatum	PEG_BVOL
Prorocentrum lima	Prorocentrum lima	PEG_BVOL
Prorocentrum micans	Prorocentrum micans	PEG_BVOL
Prorocentrum triestinum	Prorocentrum triestinum	PEG_BVOL
Prorocentrum	Prorocentrum	PEG_BVOL
Dinophysis acuminata	Dinophysis acuminata	PEG_BVOL
Dinophysis acuta	Dinophysis acuta	PEG_BVOL
Dinophysis dens	Dinophysis dens	PEG_BVOL
Dinophysis norvegica	Dinophysis norvegica	PEG_BVOL
Dinophysis odiosa	Dinophysis odiosa	PEG_BVOL
Dinophysis tripos	Dinophysis tripos	PEG_BVOL
Dinophysis	Dinophysis	PEG_BVOL
Phalacroma rotundatum	Phalacroma rotundatum	PEG_BVOL
Akashiwo sanguinea	Akashiwo sanguinea	PEG_BVOL
Amphidinium acutissimum	Amphidinium acutissimum	PEG_BVOL
Amphidinium carterae	Amphidinium carterae	PEG_BVOL
Amphidinium crassum	Amphidinium crassum	PEG_BVOL
Amphidinium incoloratum	Amphidinium incoloratum	PEG_BVOL
Amphidinium longum	Amphidinium longum	PEG_BVOL
Amphidinium operculatum	Amphidinium operculatum	PEG_BVOL
Amphidinium sphenoides	Amphidinium sphenoides	PEG_BVOL
Amphidinium	Amphidinium	PEG_BVOL
Azadinium spinosum	Azadinium spinosum	PEG_BVOL
Azadinium	Azadinium	PEG_BVOL
Cochlodinium helicoides	Cochlodinium helicoides	PEG_BVOL
Cochlodinium pupa	Cochlodinium pupa	PEG_BVOL
Cochlodinium	Cochlodinium	PEG_BVOL
Gymnodinium albulum	Gymnodinium albulum	PEG_BVOL
Gymnodinium aureolum	Gymnodinium aureolum	PEG_BVOL
Gymnodinium corollarium	Gymnodinium corollarium	PEG_BVOL
Gymnodinium gracile	Gymnodinium gracile	PEG_BVOL
Gymnodinium heterostriatum	Gymnodinium heterostriatum	PEG_BVOL
Gymnodinium ostenfeldii	Gymnodinium ostenfeldii	PEG_BVOL
Gymnodinium stellatum	Gymnodinium stellatum	PEG_BVOL
Gymnodinium verruculosum	Gymnodinium verruculosum	PEG_BVOL
Gymnodinium	Gymnodinium	PEG_BVOL
Gyrodinium crassum	Gyrodinium crassum	PEG_BVOL
Gyrodinium dominans	Gyrodinium dominans	PEG_BVOL
Gyrodinium flagellare	Gyrodinium flagellare	PEG_BVOL
Gyrodinium fusiforme	Gyrodinium fusiforme	PEG_BVOL
Gyrodinium lachryma	Gyrodinium lachryma	PEG_BVOL
Gyrodinium resplendens	Gyrodinium resplendens	PEG_BVOL
Gyrodinium spirale	Gyrodinium spirale	PEG_BVOL
Gyrodinium	Gyrodinium	PEG_BVOL
Karenia mikimotoi	Karenia mikimotoi	PEG_BVOL
Karlodinium veneficum	Karlodinium veneficum	PEG_BVOL
Katodinium glaucum	Katodinium glaucum	PEG_BVOL
Katodinium	Katodinium	PEG_BVOL
Lepidodinium chlorophorum	Lepidodinium chlorophorum	PEG_BVOL
Lessardia elongata	Lessardia elongata	PEG_BVOL
Nematopsides vigilans	Nematopsides vigilans	PEG_BVOL
Polykrikos kofoidii	Polykrikos schwartzii	PEG_BVOL
Sclerodinium calyptroglyphe	Sclerodinium calyptroglyphe	PEG_BVOL
Torodinium robustum	Torodinium robustum	PEG_BVOL
Torodinium teredo	Torodinium teredo	PEG_BVOL
Torodinium	Torodinium	PEG_BVOL
Gymnodiniales	Gymnodiniales	PEG_BVOL
Oxyrrhis marina	Oxyrrhis marina	PEG_BVOL
Kofoidinium velleloides	Kofoidinium velleloides	PEG_BVOL
Noctiluca scintillans	Noctiluca scintillans	PEG_BVOL
Pronoctiluca pelagica	Pronoctiluca pelagica	PEG_BVOL
Spatulodinium pseudonoctiluca	Spatulodinium pseudonoctiluca	PEG_BVOL
Actiniscus pentasterias	Actiniscus pentasterias	PEG_BVOL
Dicroerisma psilonereiella	Dicroerisma psilonereiella	PEG_BVOL
Dissodinium pseudolunula	Dissodinium pseudolunula	PEG_BVOL
Archaeperidinium minutum	Archaeperidinium minutum	PEG_BVOL
Diplopsalis lenticula	Diplopsalis lenticula	PEG_BVOL
Diplopsalis	Diplopsalis	PEG_BVOL
Durinskia baltica	Durinskia baltica	PEG_BVOL
Glenodinium paululum	Glenodinium paululum	PEG_BVOL
Glenodinium	Glenodinium	PEG_BVOL
Heterocapsa arctica subsp. frigida	Heterocapsa arctica subsp. frigida	PEG_BVOL
Heterocapsa minima	Heterocapsa minima	PEG_BVOL
Heterocapsa rotundata	Heterocapsa rotundata	PEG_BVOL
Heterocapsa triquetra	Heterocapsa triquetra	PEG_BVOL
Heterocapsa	Heterocapsa	PEG_BVOL
Kryptoperidinium foliaceum	Kryptoperidinium foliaceum	PEG_BVOL
Oblea rotunda	Oblea rotunda	PEG_BVOL
Parvodinium inconspicuum	Parvodinium inconspicuum	PEG_BVOL
Pentapharsodinium dalei	Pentapharsodinium dalei	PEG_BVOL
Peridinium cinctum	Peridinium cinctum	PEG_BVOL
Peridinium	Peridinium	PEG_BVOL
Preperidinium meunieri	Preperidinium meunieri	PEG_BVOL
Protoperidinium bipes	Protoperidinium bipes	PEG_BVOL
Protoperidinium breve	Protoperidinium breve	PEG_BVOL
Protoperidinium brevipes	Protoperidinium brevipes	PEG_BVOL
Protoperidinium cerasus	Protoperidinium cerasus	PEG_BVOL
Protoperidinium claudicans	Protoperidinium claudicans	PEG_BVOL
Protoperidinium conicoides	Protoperidinium conicoides	PEG_BVOL
Protoperidinium conicum	Protoperidinium conicum	PEG_BVOL
Protoperidinium crassipes	Protoperidinium crassipes	PEG_BVOL
Protoperidinium curtipes	Protoperidinium curtipes	PEG_BVOL
Protoperidinium curvipes	Protoperidinium curvipes	PEG_BVOL
Protoperidinium denticulatum	Protoperidinium denticulatum	PEG_BVOL
Protoperidinium depressum	Protoperidinium depressum	PEG_BVOL
Protoperidinium divergens	Protoperidinium divergens	PEG_BVOL
Protoperidinium granii	Protoperidinium granii	PEG_BVOL
Protoperidinium laticeps	Protoperidinium laticeps	PEG_BVOL
Protoperidinium leonis	Protoperidinium leonis	PEG_BVOL
Protoperidinium longispinum	Protoperidinium longispinum	PEG_BVOL
Protoperidinium oblongum	Protoperidinium oblongum	PEG_BVOL
Protoperidinium pallidum	Protoperidinium pallidum	PEG_BVOL
Protoperidinium pellucidum	Protoperidinium pellucidum	PEG_BVOL
Protoperidinium pentagonum	Protoperidinium pentagonum	PEG_BVOL
Protoperidinium punctulatum	Protoperidinium punctulatum	PEG_BVOL
Protoperidinium pyriforme	Protoperidinium pyriforme	PEG_BVOL
Peridinium quadridentatum	Protoperidinium quinquecorne	PEG_BVOL
Protoperidinium steinii	Protoperidinium steinii	PEG_BVOL
Protoperidinium subinerme	Protoperidinium subinerme	PEG_BVOL
Protoperidinium thorianum	Protoperidinium thorianum	PEG_BVOL
Protoperidinium	Protoperidinium	PEG_BVOL
Scrippsiella hangoei	Scrippsiella hangoei	PEG_BVOL
Scrippsiella trochoidea	Scrippsiella trochoidea	PEG_BVOL
Scrippsiella	Scrippsiella	PEG_BVOL
Alexandrium minutum	Alexandrium minutum	PEG_BVOL
Alexandrium ostenfeldii	Alexandrium ostenfeldii	PEG_BVOL
Alexandrium pseudogonyaulax	Alexandrium pseudogonyaulax	PEG_BVOL
Alexandrium tamarense	Alexandrium tamarense	PEG_BVOL
Alexandrium	Alexandrium	PEG_BVOL
Amylax triacantha	Amylax triacantha	PEG_BVOL
Ceratium hirundinella	Ceratium hirundinella	PEG_BVOL
Ceratium	Ceratium	PEG_BVOL
Corythodinium curvicaudatum	Corythodinium curvicaudatum	PEG_BVOL
Fragilidium subglobosum	Fragilidium subglobosum	PEG_BVOL
Fragilidium	Fragilidium	PEG_BVOL
Gonyaulax digitalis	Gonyaulax digitale	PEG_BVOL
Gonyaulax polygramma	Gonyaulax polygramma	PEG_BVOL
Gonyaulax scrippsae	Gonyaulax scrippsae	PEG_BVOL
Gonyaulax spinifera	Gonyaulax spinifera	PEG_BVOL
Gonyaulax verior	Gonyaulax verior	PEG_BVOL
Gonyaulax	Gonyaulax	PEG_BVOL
Micracanthodinium claytonii	Micracanthodinium claytonii	PEG_BVOL
Cladopyxis setifera	Micracanthodinium setiferum	PEG_BVOL
Micracanthodinium	Micracanthodinium	PEG_BVOL
Oxytoxum criophilum	Oxytoxum criophilum	PEG_BVOL
Oxytoxum gracile	Oxytoxum gracile	PEG_BVOL
Oxytoxum	Oxytoxum	PEG_BVOL
Peridiniella catenata	Peridiniella catenata	PEG_BVOL
Peridiniella danica	Peridiniella danica	PEG_BVOL
Protoceratium reticulatum	Protoceratium reticulatum	PEG_BVOL
Pyrophacus horologium	Pyrophacus horologium	PEG_BVOL
Dinophyceae	Dinophyceae	PEG_BVOL
Acanthoica quattrospina	Acanthoica quattrospina	PEG_BVOL
Chrysochromulina birgeri	Chrysochromulina birgeri	PEG_BVOL
Chrysochromulina parkeae	Chrysochromulina parkeae	PEG_BVOL
Chrysochromulina spinifera	Chrysochromulina spinifera	PEG_BVOL
Chrysochromulina	Chrysochromulina	PEG_BVOL
Chrysotila carterae	Chrysotila carterae	PEG_BVOL
Emiliania huxleyi	Emiliania huxleyi	PEG_BVOL
Haptolina hirta	Haptolina hirta	PEG_BVOL
Phaeocystis globosa	Phaeocystis globosa	PEG_BVOL
Phaeocystis pouchetii	Phaeocystis pouchetii	PEG_BVOL
Phaeocystis	Phaeocystis	PEG_BVOL
Pleurochrysis	Pleurochrysis	PEG_BVOL
Prymnesium polylepis	Prymnesium polylepis	PEG_BVOL
Prymnesium	Prymnesium	PEG_BVOL
Prymnesiales	Prymnesiales	PEG_BVOL
Pavlova	Pavlova	PEG_BVOL
Dinobryon acuminatum	Dinobryon acuminatum	PEG_BVOL
Dinobryon balticum	Dinobryon balticum	PEG_BVOL
Dinobryon bavaricum	Dinobryon bavaricum	PEG_BVOL
Dinobryon crenulatum	Dinobryon crenulatum	PEG_BVOL
Dinobryon cylindricum	Dinobryon cylindricum	PEG_BVOL
Dinobryon divergens	Dinobryon divergens	PEG_BVOL
Dinobryon faculiferum	Dinobryon faculiferum	PEG_BVOL
Dinobryon	Dinobryon	PEG_BVOL
Kephyrion	Kephyrion	PEG_BVOL
Paraphysomonas	Paraphysomonas	PEG_BVOL
Pseudokephyrion	Pseudokephyrion	PEG_BVOL
Ochromonas	Ochromonas	PEG_BVOL
Ochromonadales	Ochromonadales	PEG_BVOL
Ollicola vangoorii	Ollicola vangoorii	PEG_BVOL
Uroglena	Uroglena	PEG_BVOL
Uroglenopsis	Uroglenopsis	PEG_BVOL
Apedinella radians	Apedinella radians	PEG_BVOL
Pseudopedinella elastica	Pseudopedinella elastica	PEG_BVOL
Pseudopedinella thomsenii	Pseudopedinella thomsenii	PEG_BVOL
Pseudopedinella	Pseudopedinella	PEG_BVOL
Chrysophyceae	Chrysophyceae	PEG_BVOL
Dictyocha fibula	Dictyocha fibula	PEG_BVOL
Dictyocha	Dictyocha	PEG_BVOL
Pseudochattonella farcimen	Pseudochattonella farcimen	PEG_BVOL
Pseudochattonella verruculosa	Pseudochattonella verruculosa	PEG_BVOL
Mallomonas akrokomos	Mallomonas akrokomos	PEG_BVOL
Mallomonas caudata	Mallomonas caudata	PEG_BVOL
Mallomonas hamata	Mallomonas hamata	PEG_BVOL
Mallomonas multiunca	Mallomonas multiunca	PEG_BVOL
Mallomonas punctifera	Mallomonas punctifera	PEG_BVOL
Mallomonas	Mallomonas	PEG_BVOL
Synura uvella	Synura uvella	PEG_BVOL
Synura	Synura	PEG_BVOL
Actinocyclus normanii	Actinocyclus normanii	PEG_BVOL
Actinocyclus normanii var. normanii	Actinocyclus normanii f. normanii	PEG_BVOL
Actinocyclus normanii var. subsalsus	Actinocyclus normanii f. subsalsus	PEG_BVOL
Actinocyclus octonarius	Actinocyclus octonarius	PEG_BVOL
Actinocyclus octonarius var. octonarius	Actinocyclus octonarius var. octonarius	PEG_BVOL
Actinocyclus octonarius var. crassus	Actinocyclus octonarius var. crassus	PEG_BVOL
Actinocyclus octonarius var. tenellus	Actinocyclus octonarius var. tenellus	PEG_BVOL
Actinocyclus	Actinocyclus	PEG_BVOL
Actinoptychus senarius	Actinoptychus senarius	PEG_BVOL
Attheya decora	Attheya decora	PEG_BVOL
Attheya longicornis	Attheya longicornis	PEG_BVOL
Attheya septentrionalis	Attheya septentrionalis	PEG_BVOL
Aulacoseira alpigena	Aulacoseira alpigena	PEG_BVOL
Aulacoseira ambigua	Aulacoseira ambigua	PEG_BVOL
Aulacoseira distans	Aulacoseira distans	PEG_BVOL
Aulacoseira granulata	Aulacoseira granulata	PEG_BVOL
Aulacoseira granulata var. granulata	Aulacoseira granulata var. granulata	PEG_BVOL
Aulacoseira granulata var. angustissima	Aulacoseira granulata var. angustissima	PEG_BVOL
Aulacoseira islandica	Aulacoseira islandica	PEG_BVOL
Aulacoseira islandica subsp. islandica	Aulacoseira islandica subsp. islandica	PEG_BVOL
Aulacoseira islandica subsp. helvetica	Aulacoseira islandica subsp. helvetica	PEG_BVOL
Aulacoseira italica	Aulacoseira italica	PEG_BVOL
Aulacoseira	Aulacoseira	PEG_BVOL
Bacteriastrum hyalinum	Bacteriastrum hyalinum	PEG_BVOL
Cerataulina pelagica	Cerataulina pelagica	PEG_BVOL
Chaetoceros affinis	Chaetoceros affinis	PEG_BVOL
Chaetoceros anastomosans var. externa	Chaetoceros anastomosans var. externa	PEG_BVOL
Chaetoceros borealis	Chaetoceros borealis	PEG_BVOL
Chaetoceros pseudobrevis	Chaetoceros brevis	PEG_BVOL
Chaetoceros castracanei	Chaetoceros castracanei	PEG_BVOL
Chaetoceros calcitrans	Chaetoceros calcitrans	PEG_BVOL
Chaetoceros ceratosporus	Chaetoceros ceratosporus	PEG_BVOL
Chaetoceros ceratosporus var. ceratosporus	Chaetoceros ceratosporus var. ceratosporus	PEG_BVOL
Chaetoceros circinalis	Chaetoceros circinalis	PEG_BVOL
Chaetoceros compressus	Chaetoceros compressus	PEG_BVOL
Chaetoceros concavicornis	Chaetoceros concavicornis	PEG_BVOL
Chaetoceros constrictus	Chaetoceros constrictus	PEG_BVOL
Chaetoceros contortus	Chaetoceros contortus	PEG_BVOL
Chaetoceros convolutus	Chaetoceros convolutus	PEG_BVOL
Chaetoceros coronatus	Chaetoceros coronatus	PEG_BVOL
Chaetoceros costatus	Chaetoceros costatus	PEG_BVOL
Chaetoceros crinitus	Chaetoceros crinitus	PEG_BVOL
Chaetoceros curvisetus	Chaetoceros curvisetus	PEG_BVOL
Chaetoceros danicus	Chaetoceros danicus	PEG_BVOL
Chaetoceros debilis	Chaetoceros debilis	PEG_BVOL
Chaetoceros decipiens	Chaetoceros decipiens	PEG_BVOL
Chaetoceros densus	Chaetoceros densus	PEG_BVOL
Chaetoceros diadema	Chaetoceros diadema	PEG_BVOL
Chaetoceros didymus var. anglica	Chaetoceros didymus var. anglica	PEG_BVOL
Chaetoceros didymus	Chaetoceros didymus	PEG_BVOL
Chaetoceros didymus var. didymus	Chaetoceros didymus var. didymus	PEG_BVOL
Chaetoceros eibenii	Chaetoceros eibenii	PEG_BVOL
Chaetoceros gracilis	Chaetoceros gracilis	PEG_BVOL
Chaetoceros holsaticus	Chaetoceros holsaticus	PEG_BVOL
Chaetoceros ingolfianus	Chaetoceros ingolfianus	PEG_BVOL
Chaetoceros laciniosus	Chaetoceros laciniosus	PEG_BVOL
Chaetoceros lauderi	Chaetoceros lauderi	PEG_BVOL
Chaetoceros lorenzianus	Chaetoceros lorenzianus	PEG_BVOL
Chaetoceros minimus	Chaetoceros minimus	PEG_BVOL
Chaetoceros muelleri	Chaetoceros muelleri	PEG_BVOL
Chaetoceros protuberans	Chaetoceros protuberans	PEG_BVOL
Chaetoceros pseudocrinitus	Chaetoceros pseudocrinitus	PEG_BVOL
Chaetoceros salsugineus	Chaetoceros salsugineum	PEG_BVOL
Chaetoceros seiracanthus	Chaetoceros seiracanthus	PEG_BVOL
Chaetoceros similis	Chaetoceros similis	PEG_BVOL
Chaetoceros simplex	Chaetoceros simplex	PEG_BVOL
Chaetoceros subtilis	Chaetoceros subtilis	PEG_BVOL
Chaetoceros subtilis var. subtilis	Chaetoceros subtilis var. subtilis	PEG_BVOL
Chaetoceros tenuissimus	Chaetoceros tenuissimus	PEG_BVOL
Chaetoceros teres	Chaetoceros teres	PEG_BVOL
Chaetoceros throndsenii	Chaetoceros throndsenii	PEG_BVOL
Chaetoceros throndsenii var. throndsenii	Chaetoceros throndsenii var. throndsenii	PEG_BVOL
Chaetoceros wighamii	Chaetoceros wighamii	PEG_BVOL
Chaetoceros	Chaetoceros	PEG_BVOL
Conticribra guillardii	Conticribra guillardii	PEG_BVOL
Conticribra weissflogii	Conticribra weissflogii	PEG_BVOL
Coscinodiscopsis commutata	Coscinodiscopsis commutata	PEG_BVOL
Coscinodiscus asteromphalus	Coscinodiscus asteromphalus	PEG_BVOL
Coscinodiscus centralis	Coscinodiscus centralis	PEG_BVOL
Coscinodiscus concinnus	Coscinodiscus concinnus	PEG_BVOL
Coscinodiscus granii	Coscinodiscus granii	PEG_BVOL
Coscinodiscus radiatus	Coscinodiscus radiatus	PEG_BVOL
Coscinodiscus wailesii	Coscinodiscus wailesii	PEG_BVOL
Coscinodiscus	Coscinodiscus	PEG_BVOL
Cyclostephanos dubius	Cyclostephanos dubius	PEG_BVOL
Cyclotella atomus	Cyclotella atomus	PEG_BVOL
Cyclotella choctawhatcheeana	Cyclotella choctawhatcheeana	PEG_BVOL
Cyclotella glomerata	Cyclotella glomerata	PEG_BVOL
Cyclotella meneghiniana	Cyclotella meneghiniana	PEG_BVOL
Cyclotella radiosa	Cyclotella radiosa	PEG_BVOL
Discostella stelligera	Cyclotella stelligera	PEG_BVOL
Cyclotella	Cyclotella	PEG_BVOL
Dactyliosolen blavyanus	Dactyliosolen blavyanus	PEG_BVOL
Dactyliosolen fragilissimus	Dactyliosolen fragilissimus	PEG_BVOL
Dactyliosolen phuketensis	Dactyliosolen phuketensis	PEG_BVOL
Detonula confervacea	Detonula confervacea	PEG_BVOL
Detonula pumila	Detonula pumila	PEG_BVOL
Ditylum brightwellii	Ditylum brightwellii	PEG_BVOL
Eucampia groenlandica	Eucampia groenlandica	PEG_BVOL
Eucampia zodiacus	Eucampia zodiacus	PEG_BVOL
Guinardia delicatula	Guinardia delicatula	PEG_BVOL
Guinardia flaccida	Guinardia flaccida	PEG_BVOL
Guinardia striata	Guinardia striata	PEG_BVOL
Helicotheca tamesis	Helicotheca tamesis	PEG_BVOL
Lauderia annulata	Lauderia annulata	PEG_BVOL
Leptocylindrus danicus	Leptocylindrus danicus	PEG_BVOL
Leptocylindrus mediterraneus	Leptocylindrus mediterraneus	PEG_BVOL
Leptocylindrus minimus	Leptocylindrus minimus	PEG_BVOL
Leptocylindrus	Leptocylindrus	PEG_BVOL
Lithodesmium undulatum	Lithodesmium undulatum	PEG_BVOL
Melosira arctica	Melosira arctica	PEG_BVOL
Melosira lineata	Melosira lineata	PEG_BVOL
Melosira moniliformis	Melosira moniliformis	PEG_BVOL
Melosira nummuloides	Melosira nummuloides	PEG_BVOL
Melosira varians	Melosira varians	PEG_BVOL
Melosira	Melosira	PEG_BVOL
Neocalyptrella robusta	Neocalyptrella robusta	PEG_BVOL
Odontella aurita	Odontella aurita	PEG_BVOL
Odontella sinensis	Odontella sinensis	PEG_BVOL
Paralia sulcata	Paralia sulcata	PEG_BVOL
Planktoniella sol	Planktoniella sol	PEG_BVOL
Porosira glacialis	Porosira glacialis	PEG_BVOL
Proboscia alata	Proboscia alata	PEG_BVOL
Proboscia indica	Proboscia indica	PEG_BVOL
Pseudosolenia calcar-avis	Pseudosolenia calcar-avis	PEG_BVOL
Rhizosolenia hebetata	Rhizosolenia hebetata	PEG_BVOL
Rhizosolenia hebetata f. semispina	Rhizosolenia hebetata f. semispina	PEG_BVOL
Rhizosolenia imbricata	Rhizosolenia imbricata	PEG_BVOL
Rhizosolenia setigera	Rhizosolenia setigera	PEG_BVOL
Rhizosolenia pungens	Rhizosolenia setigera f. pungens	PEG_BVOL
Rhizosolenia styliformis	Rhizosolenia styliformis	PEG_BVOL
Rhizosolenia	Rhizosolenia	PEG_BVOL
Roperia tesselata	Roperia tesselata	PEG_BVOL
Skeletonema costatum	Skeletonema marinoi	PEG_BVOL
Skeletonema marinoi	Skeletonema marinoi	PEG_BVOL
Skeletonema subsalsum	Skeletonema subsalsum	PEG_BVOL
Skeletonema	Skeletonema	PEG_BVOL
Stellarima stellaris	Stellarima stellaris	PEG_BVOL
Stephanodiscus hantzschii	Stephanodiscus hantzschii	PEG_BVOL
Stephanodiscus minutulus	Stephanodiscus minutulus	PEG_BVOL
Stephanodiscus neoastraea	Stephanodiscus neoastraea	PEG_BVOL
Stephanodiscus parvus	Stephanodiscus parvus	PEG_BVOL
Stephanodiscus	Stephanodiscus	PEG_BVOL
Stephanopyxis turris	Stephanopyxis turris	PEG_BVOL
Thalassiosira angulata	Thalassiosira angulata	PEG_BVOL
Thalassiosira angustelineata	Thalassiosira anguste-lineata	PEG_BVOL
Thalassiosira baltica	Thalassiosira baltica	PEG_BVOL
Bacterosira constricta	Thalassiosira constricta	PEG_BVOL
Thalassiosira decipiens	Thalassiosira decipiens	PEG_BVOL
Thalassiosira delicatula	Thalassiosira delicatula	PEG_BVOL
Thalassiosira eccentrica	Thalassiosira eccentrica	PEG_BVOL
Thalassiosira gravida	Thalassiosira gravida	PEG_BVOL
Thalassiosira hyalina	Thalassiosira hyalina	PEG_BVOL
Thalassiosira hyperborea	Thalassiosira hyperborea	PEG_BVOL
Thalassiosira hyperborea var. pelagica	Thalassiosira hyperborea var. pelagica	PEG_BVOL
Thalassiosira lacustris	Thalassiosira lacustris	PEG_BVOL
Thalassiosira levanderi	Thalassiosira levanderi	PEG_BVOL
Thalassiosira minima	Thalassiosira minima	PEG_BVOL
Thalassiosira nordenskioeldii	Thalassiosira nordenskioeldii	PEG_BVOL
Thalassiosira proschkinae	Thalassiosira proschkinae	PEG_BVOL
Thalassiosira pseudonana	Thalassiosira pseudonana	PEG_BVOL
Thalassiosira punctigera	Thalassiosira punctigera	PEG_BVOL
Thalassiosira	Thalassiosira	PEG_BVOL
Trieres mobiliensis	Trieres mobiliensis	PEG_BVOL
Trieres regia	Trieres regia	PEG_BVOL
Coscinodiscophyceae	Centrales	PEG_BVOL
Achnanthes	Achnanthes	PEG_BVOL
Entomoneis paludosa var. paludosa	Amphiprora paludosa var. paludosa	PEG_BVOL
Amphora commutata	Amphora commutata	PEG_BVOL
Amphora ovalis	Amphora ovalis	PEG_BVOL
Amphora	Amphora	PEG_BVOL
Aneumastus tusculus	Aneumastus tusculus	PEG_BVOL
Asterionellopsis glacialis	Asterionellopsis glacialis	PEG_BVOL
Asteroplanus karianus	Asteroplanus karianus	PEG_BVOL
Bacillaria paxillifera	Bacillaria paxillifera	PEG_BVOL
Belonastrum berolinense	Belonastrum berolinensis	PEG_BVOL
Brebissonia lanceolata	Brebissonia lanceolata	PEG_BVOL
Caloneis amphisbaena	Caloneis amphisbaena	PEG_BVOL
Caloneis amphisbaena var. subsalina	Caloneis amphisbaena var. subsalina	PEG_BVOL
Caloneis silicula	Caloneis silicula	PEG_BVOL
Cavinula lacustris	Cavinula lacustris	PEG_BVOL
Campylodiscus clypeus	Campylodiscus clypeus	PEG_BVOL
Cocconeis pediculus	Cocconeis pediculus	PEG_BVOL
Cocconeis placentula var. placentula	Cocconeis placentula var. placentula	PEG_BVOL
Cocconeis scutellum	Cocconeis scutellum	PEG_BVOL
Cocconeis scutellum var. scutellum	Cocconeis scutellum var. scutellum	PEG_BVOL
Cocconeis	Cocconeis	PEG_BVOL
Ceratoneis closterium	Cylindrotheca closterium	PEG_BVOL
Cymatosira	Cymatosira	PEG_BVOL
Cymbella cistula s.lat.	Cymbella cistula	PEG_BVOL
Cymbella obtusiuscula	Cymbella obtusiuscula	PEG_BVOL
Cymbella	Cymbella	PEG_BVOL
Diatoma constricta	Diatoma constricta	PEG_BVOL
Diatoma tenuis	Diatoma tenuis	PEG_BVOL
Diatoma vulgaris	Diatoma vulgaris	PEG_BVOL
Diploneis didyma	Diploneis didyma	PEG_BVOL
Diploneis elliptica	Diploneis elliptica	PEG_BVOL
Diploneis interrupta	Diploneis interrupta	PEG_BVOL
Diploneis	Diploneis	PEG_BVOL
Eunotia	Eunotia	PEG_BVOL
Fragilaria capucina var. capucina	Fragilaria capucina var. capucina	PEG_BVOL
Fragilaria crotonensis	Fragilaria crotonensis	PEG_BVOL
Fragilaria heidenii	Fragilaria heidenii	PEG_BVOL
Fragilaria istvanffyi	Fragilaria istvanffyi	PEG_BVOL
Fragilaria	Fragilaria	PEG_BVOL
Fragilariopsis cylindrus	Fragilariopsis cylindrus	PEG_BVOL
Gomphonema olivaceum	Gomphonema olivaceum	PEG_BVOL
Gomphonema olivaceum var. olivaceum	Gomphonema olivaceum var. olivaceum	PEG_BVOL
Grammatophora marina	Grammatophora marina	PEG_BVOL
Gyrosigma acuminatum	Gyrosigma acuminatum	PEG_BVOL
Gyrosigma attenuatum	Gyrosigma attenuatum	PEG_BVOL
Gyrosigma balticum	Gyrosigma balticum	PEG_BVOL
Gyrosigma eximium	Gyrosigma eximium	PEG_BVOL
Gyrosigma fasciola	Gyrosigma fasciola	PEG_BVOL
Gyrosigma macrum	Gyrosigma macrum	PEG_BVOL
Gyrosigma strigilis	Gyrosigma strigilis	PEG_BVOL
Gyrosigma	Gyrosigma	PEG_BVOL
Halamphora coffeaeformis	Halamphora coffeaeformis	PEG_BVOL
Hippodonta capitata	Hippodonta capitata	PEG_BVOL
Hippodonta hungarica	Hippodonta hungarica	PEG_BVOL
Hippodonta lesmonensis	Hippodonta lesmonensis	PEG_BVOL
Lennoxia faveolata	Lennoxia faveolata	PEG_BVOL
Licmophora abbreviata	Licmophora abbreviata	PEG_BVOL
Licmophora gracilis	Licmophora gracilis	PEG_BVOL
Licmophora gracilis var. gracilis	Licmophora gracilis var. gracilis	PEG_BVOL
Licmophora	Licmophora	PEG_BVOL
Mastogloia smithii	Mastogloia smithii	PEG_BVOL
Mastogloia smithii var. smithii	Mastogloia smithii var. smithii	PEG_BVOL
Meridion circulare	Meridion circulare	PEG_BVOL
Meridion circulare var. circulare	Meridion circulare var. circulare	PEG_BVOL
Meuniera membranacea	Meuniera membranacea	PEG_BVOL
Navicula cari	Navicula cari	PEG_BVOL
Navicula cryptocephala	Navicula cryptocephala	PEG_BVOL
Navicula digitoradiata	Navicula digitoradiata	PEG_BVOL
Navicula gregaria	Navicula gregaria	PEG_BVOL
Navicula peregrina var. meniscus	Navicula peregrina var. meniscus	PEG_BVOL
Navicula palpebralis	Navicula palpebralis	PEG_BVOL
Navicula peregrina	Navicula peregrina	PEG_BVOL
Navicula peregrina var. peregrina	Navicula peregrina var. peregrina	PEG_BVOL
Navicula platystoma	Navicula platystoma	PEG_BVOL
Navicula reinhardtii	Navicula reinhardtii	PEG_BVOL
Navicula rhynchocephala	Navicula rhynchocephala	PEG_BVOL
Navicula transitans	Navicula transitans	PEG_BVOL
Navicula transitans var. derasa	Navicula transitans var. derasa	PEG_BVOL
Navicula transitans var. derasa f. delicatula	Navicula transitans var. derasa f. delicatula	PEG_BVOL
Navicula transitans var. transitans	Navicula transitans var. transitans	PEG_BVOL
Navicula tripunctata	Navicula tripunctata	PEG_BVOL
Navicula vanhoeffenii	Navicula vanhoeffenii	PEG_BVOL
Navicula viridula	Navicula viridula	PEG_BVOL
Navicula viridula var. viridula	Navicula viridula var. viridula	PEG_BVOL
Navicula	Navicula	PEG_BVOL
Nitzschia acicularis	Nitzschia acicularis	PEG_BVOL
Nitzschia acicularis var. acicularis	Nitzschia acicularis var. acicularis	PEG_BVOL
Nitzschia acicularis var. closterioides	Nitzschia acicularis var. closterioides	PEG_BVOL
Nitzschia frigida	Nitzschia frigida	PEG_BVOL
Nitzschia intermedia	Nitzschia intermedia	PEG_BVOL
Nitzschia longissima	Nitzschia longissima	PEG_BVOL
Nitzschia paleacea	Nitzschia paleacea	PEG_BVOL
Nitzschia sigmoidea	Nitzschia sigmoidea	PEG_BVOL
Nitzschia vitrea	Nitzschia vitrea	PEG_BVOL
Pauliella taeniata	Pauliella taeniata	PEG_BVOL
Petroneis humerosa	Petroneis humerosa	PEG_BVOL
Phaeodactylum tricornutum	Phaeodactylum tricornutum	PEG_BVOL
Pinnularia nobilis	Pinnularia nobilis	PEG_BVOL
Pinnularia	Pinnularia	PEG_BVOL
Pleurosigma salinarum	Pleurosigma salinarum	PEG_BVOL
Pleurosigma	Pleurosigma	PEG_BVOL
Pseudo-nitzschia calliantha	Pseudo-nitzschia calliantha	PEG_BVOL
Pseudo-nitzschia delicatissima	Pseudo-nitzschia delicatissima	PEG_BVOL
Pseudo-nitzschia pseudodelicatissima	Pseudo-nitzschia pseudodelicatissima	PEG_BVOL
Pseudo-nitzschia pungens	Pseudo-nitzschia pungens	PEG_BVOL
Pseudo-nitzschia seriata	Pseudo-nitzschia seriata	PEG_BVOL
Pseudo-nitzschia	Pseudo-nitzschia	PEG_BVOL
Pseudostaurosira parasitica	Pseudostaurosira parasitica	PEG_BVOL
Rhoicosphenia abbreviata	Rhoicosphenia abbreviata	PEG_BVOL
Staurosira binodis	Staurosira construens var. binodis	PEG_BVOL
Staurosira construens var. construens	Staurosira construens var. construens	PEG_BVOL
Staurosira venter	Staurosira venter	PEG_BVOL
Striatella unipunctata	Striatella unipunctata	PEG_BVOL
Surirella biseriata	Surirella biseriata	PEG_BVOL
Surirella capronii	Surirella capronii	PEG_BVOL
Surirella crumena	Surirella crumena	PEG_BVOL
Surirella minuta	Surirella minuta	PEG_BVOL
Surirella robusta	Surirella robusta	PEG_BVOL
Surirella	Surirella	PEG_BVOL
Ulnaria ulna var. acus	Synedra acus var. acus	PEG_BVOL
Synedra	Synedra	PEG_BVOL
Tabellaria fenestrata	Tabellaria fenestrata	PEG_BVOL
Tabellaria flocculosa	Tabellaria flocculosa	PEG_BVOL
Tabellaria flocculosa var. asterionelloides	Tabellaria flocculosa var. asterionelloides	PEG_BVOL
Tabularia fasciculata	Tabularia fasciculata	PEG_BVOL
Thalassionema frauenfeldii	Thalassionema frauenfeldii	PEG_BVOL
Thalassionema nitzschioides	Thalassionema nitzschioides	PEG_BVOL
Thalassiothrix longissima	Thalassiothrix longissima	PEG_BVOL
Ulnaria delicatissima	Ulnaria delicatissima	PEG_BVOL
Ulnaria delicatissima var. angustissima	Ulnaria delicatissima var. angustissima	PEG_BVOL
Bacillariophyceae	Pennales	PEG_BVOL
Goniochloris mutica	Goniochloris mutica	PEG_BVOL
Goniochloris smithii	Goniochloris smithii	PEG_BVOL
Meringosphaera mediterranea	Meringosphaera mediterranea	PEG_BVOL
Fibrocapsa japonica	Fibrocapsa japonica	PEG_BVOL
Heterosigma akashiwo	Heterosigma akashiwo	PEG_BVOL
Heterosigma	Heterosigma	PEG_BVOL
Gonyostomum semen	Gonyostomum semen	PEG_BVOL
Colacium vesiculosum	Colacium vesiculosum	PEG_BVOL
Euglena viridis	Euglena viridis	PEG_BVOL
Euglena	Euglena	PEG_BVOL
Eutreptia lanowii	Eutreptia lanowii	PEG_BVOL
Eutreptia viridis	Eutreptia viridis	PEG_BVOL
Eutreptia	Eutreptia	PEG_BVOL
Eutreptiella gymnastica	Eutreptiella gymnastica	PEG_BVOL
Eutreptiella braarudii	Eutreptiella braarudii	PEG_BVOL
Eutreptiella	Eutreptiella	PEG_BVOL
Lepocinclis acus	Lepocinclis acus	PEG_BVOL
Lepocinclis ovum	Lepocinclis ovum	PEG_BVOL
Lepocinclis oxyuris	Lepocinclis oxyuris	PEG_BVOL
Monomorphina pyrum	Monomorphina pyrum	PEG_BVOL
Phacus longicauda	Phacus longicauda	PEG_BVOL
Phacus pleuronectes	Phacus pleuronectes	PEG_BVOL
Phacus	Phacus	PEG_BVOL
Trachelomonas hispida	Trachelomonas hispida	PEG_BVOL
Trachelomonas volvocina	Trachelomonas volvocina	PEG_BVOL
Trachelomonas	Trachelomonas	PEG_BVOL
Chlorodendrales	Chlorodendrales	PEG_BVOL
Pachysphaera	Pachysphaera	PEG_BVOL
Pterosperma	Pterosperma	PEG_BVOL
Tetraselmis cordiformis	Tetraselmis cordiformis	PEG_BVOL
Pseudoscourfieldia marina	Pseudoscourfieldia marina	PEG_BVOL
Pseudoscourfieldia	Pseudoscourfieldia	PEG_BVOL
Cymbomonas tetramitiformis	Cymbomonas tetramitiformis	PEG_BVOL
Halosphaera viridis	Halosphaera viridis	PEG_BVOL
Halosphaera	Halosphaera	PEG_BVOL
Pyramimonas longicauda	Pyramimonas longicauda	PEG_BVOL
Pyramimonas virginica	Pyramimonas virginica	PEG_BVOL
Pyramimonas	Pyramimonas	PEG_BVOL
Elakatothrix gelatinosa	Elakatothrix gelatinosa	PEG_BVOL
Elakatothrix	Elakatothrix	PEG_BVOL
Closterium aciculare	Closterium aciculare	PEG_BVOL
Closterium acutum	Closterium acutum	PEG_BVOL
Closterium acutum var. acutum	Closterium acutum var. acutum	PEG_BVOL
Closterium acutum var. variabile	Closterium acutum var. variabile	PEG_BVOL
Closterium gracile	Closterium gracile	PEG_BVOL
Closterium lineatum	Closterium lineatum	PEG_BVOL
Closterium moniliferum	Closterium moniliferum	PEG_BVOL
Closterium parvulum	Closterium parvulum	PEG_BVOL
Closterium	Closterium	PEG_BVOL
Cosmarium	Cosmarium	PEG_BVOL
Mougeotia	Mougeotia	PEG_BVOL
Spondylosium planum	Spondylosium planum	PEG_BVOL
Staurastrum	Staurastrum	PEG_BVOL
Staurodesmus triangularis	Staurodesmus triangularis	PEG_BVOL
Staurodesmus	Staurodesmus	PEG_BVOL
Choricystis chodatii	Choricystis chodatii	PEG_BVOL
Choricystis coccoides	Choricystis coccoides	PEG_BVOL
Fusola viridis	Fusola viridis	PEG_BVOL
Mychonastes jurisii	Mychonastes jurisii	PEG_BVOL
Mychonastes elegans	Mychonastes elegans	PEG_BVOL
Lobocystis planctonica	Lobocystis planctonica	PEG_BVOL
Acutodesmus acuminatus	Acutodesmus acuminatus	PEG_BVOL
Acutodesmus obliquus	Acutodesmus obliquus	PEG_BVOL
Ankistrodesmus falcatus	Ankistrodesmus falcatus	PEG_BVOL
Ankistrodesmus fusiformis	Ankistrodesmus fusiformis	PEG_BVOL
Coelastrum astroideum	Coelastrum astroideum	PEG_BVOL
Coelastrum microporum	Coelastrum microporum	PEG_BVOL
Coelastrum pseudomicroporum	Coelastrum pseudomicroporum	PEG_BVOL
Coelastrum sphaericum	Coelastrum sphaericum	PEG_BVOL
Coenocystis planctonica	Coenocystis planctonica	PEG_BVOL
Desmodesmus abundans	Desmodesmus abundans	PEG_BVOL
Desmodesmus armatus	Desmodesmus armatus	PEG_BVOL
Desmodesmus armatus var. armatus	Desmodesmus armatus var. armatus	PEG_BVOL
Desmodesmus armatus var. bicaudatus	Desmodesmus armatus var. bicaudatus	PEG_BVOL
Desmodesmus armatus var. spinosus	Desmodesmus armatus var. spinosus	PEG_BVOL
Desmodesmus bicellularis	Desmodesmus bicellularis	PEG_BVOL
Desmodesmus brasiliensis	Desmodesmus brasiliensis	PEG_BVOL
Desmodesmus costato-granulatus	Desmodesmus costato-granulatus	PEG_BVOL
Desmodesmus denticulatus	Desmodesmus denticulatus	PEG_BVOL
Desmodesmus denticulatus var. denticulatus	Desmodesmus denticulatus var. denticulatus	PEG_BVOL
Desmodesmus denticulatus var. linearis	Desmodesmus denticulatus var. linearis	PEG_BVOL
Desmodesmus dispar	Desmodesmus dispar	PEG_BVOL
Desmodesmus hystrix	Desmodesmus hystrix	PEG_BVOL
Desmodesmus intermedius	Desmodesmus intermedius	PEG_BVOL
Desmodesmus opoliensis	Desmodesmus opoliensis	PEG_BVOL
Desmodesmus opoliensis var. opoliensis	Desmodesmus opoliensis var. opoliensis	PEG_BVOL
Desmodesmus protuberans	Desmodesmus protuberans	PEG_BVOL
Desmodesmus serratus	Desmodesmus serratus	PEG_BVOL
Desmodesmus spinosus	Desmodesmus spinosus	PEG_BVOL
Desmodesmus	Desmodesmus	PEG_BVOL
Golenkinia radiata	Golenkinia radiata	PEG_BVOL
Hariotina reticulata	Hariotina reticulata	PEG_BVOL
Kirchneriella lunaris	Kirchneriella lunaris	PEG_BVOL
Kirchneriella obesa	Kirchneriella obesa	PEG_BVOL
Kirchneriella	Kirchneriella	PEG_BVOL
Lacunastrum gracillimum	Lacunastrum gracillimum	PEG_BVOL
Lanceola spatulifera	Lanceola spatulifera	PEG_BVOL
Monactinus simplex	Monactinus simplex	PEG_BVOL
Monoraphidium convolutum	Monoraphidium convolutum	PEG_BVOL
Monoraphidium dybowskii	Monoraphidium dybowskii	PEG_BVOL
Monoraphidium griffithii	Monoraphidium griffithii	PEG_BVOL
Monoraphidium komarkovae	Monoraphidium komarkovae	PEG_BVOL
Monoraphidium minutum	Monoraphidium minutum	PEG_BVOL
Monoraphidium mirabile	Monoraphidium mirabile	PEG_BVOL
Neocystis ovalis	Neocystis ovalis	PEG_BVOL
Pseudokirchneriella danubiana	Raphidocelis danubiana	PEG_BVOL
Raphidocelis sigmoidea	Raphidocelis sigmoidea	PEG_BVOL
Raphidocelis	Raphidocelis	PEG_BVOL
Parapediastrum biradiatum	Parapediastrum biradiatum	PEG_BVOL
Pediastrum duplex var. duplex	Pediastrum duplex var. duplex	PEG_BVOL
Pediastrum integrum	Pediastrum integrum	PEG_BVOL
Planktosphaeria gelatinosa	Planktosphaeria gelatinosa	PEG_BVOL
Pseudopediastrum boryanum	Pseudopediastrum boryanum	PEG_BVOL
Pseudopediastrum kawraiskyi	Pseudopediastrum kawraiskyi	PEG_BVOL
Scenedesmus apiculatus	Scenedesmus apiculatus	PEG_BVOL
Comasiella arcuata	Scenedesmus arcuatus	PEG_BVOL
Comasiella arcuata var. arcuata	Scenedesmus arcuatus var. arcuatus	PEG_BVOL
Scenedesmus caudato-aculeolatus	Scenedesmus caudato-aculeolatus	PEG_BVOL
Scenedesmus ellipticus	Scenedesmus ellipticus	PEG_BVOL
Scenedesmus obtusus	Scenedesmus obtusus	PEG_BVOL
Scenedesmus parvus	Scenedesmus parvus	PEG_BVOL
Scenedesmus	Scenedesmus	PEG_BVOL
Tetrastrum elegans	Tetrastrum elegans	PEG_BVOL
Tetrastrum staurogeniiforme	Tetrastrum staurogeniaeforme	PEG_BVOL
Tetrastrum	Tetrastrum	PEG_BVOL
Westella botryoides	Westella botryoides	PEG_BVOL
Willea apiculata	Willea apiculata	PEG_BVOL
Willea rectangularis	Willea rectangularis	PEG_BVOL
Chlamydocapsa ampla	Chlamydocapsa ampla	PEG_BVOL
Pseudosphaerocystis lacustris	Pseudosphaerocystis lacustris	PEG_BVOL
Sphaerocystis planctonica	Sphaerocystis planctonica	PEG_BVOL
Sphaerocystis schroeteri	Sphaerocystis schroeteri	PEG_BVOL
Sphaerocystis	Sphaerocystis	PEG_BVOL
Tetraspora lemmermannii	Tetraspora lemmermannii	PEG_BVOL
Carteria	Carteria	PEG_BVOL
Chlamydomonas	Chlamydomonas	PEG_BVOL
Chlorogonium maximum	Chlorogonium maximum	PEG_BVOL
Chlorogonium minimum	Chlorogonium minimum	PEG_BVOL
Eudorina elegans	Eudorina elegans	PEG_BVOL
Eudorina unicocca	Eudorina unicocca	PEG_BVOL
Gonium pectorale	Gonium pectorale	PEG_BVOL
Pandorina morum	Pandorina morum	PEG_BVOL
Phacotus	Phacotus	PEG_BVOL
Polytoma	Polytoma	PEG_BVOL
Spermatozopsis exsultans	Spermatozopsis exsultans	PEG_BVOL
Chlamydomonadales  	Chlorophyceae	PEG_BVOL
Chlorococcales	Chlorophyceae	PEG_BVOL
Planctococcus sphaerocystiformis	Planctococcus sphaerocystiformis	PEG_BVOL
Mantoniella squamata	Mantoniella squamata	PEG_BVOL
Micromonas pusilla	Micromonas pusilla	PEG_BVOL
Nephroselmis	Nephroselmis	PEG_BVOL
Actinastrum hantzschii	Actinastrum hantzschii	PEG_BVOL
Closteriopsis longissima	Closteriopsis longissima	PEG_BVOL
Dictyosphaerium ehrenbergianum	Dictyosphaerium ehrenbergianum	PEG_BVOL
Koliella spiculiformis	Koliella spiculiformis	PEG_BVOL
Koliella spiralis	Koliella spiralis	PEG_BVOL
Koliella	Koliella	PEG_BVOL
Micractinium pusillum	Micractinium pusillum	PEG_BVOL
Mucidosphaerium pulchellum	Mucidosphaerium pulchellum	PEG_BVOL
Nephrochlamys rostrata	Nephrochlamys rostrata	PEG_BVOL
Franceia ovalis	Franceia ovalis	PEG_BVOL
Granulocystopsis decorata	Granulocystopsis decorata	PEG_BVOL
Lagerheimia longiseta var. longiseta	Lagerheimia longiseta var. longiseta	PEG_BVOL
Oocystis borgei	Oocystis borgei	PEG_BVOL
Oocystis lacustris	Oocystis lacustris	PEG_BVOL
Oocystis naegelii	Oocystis naegelii	PEG_BVOL
Oocystis parva	Oocystis parva	PEG_BVOL
Oocystis pelagica	Oocystis pelagica	PEG_BVOL
Oocystis rhomboidea	Oocystis rhomboidea	PEG_BVOL
Oocystis solitaria	Oocystis solitaria	PEG_BVOL
Oocystis submarina	Oocystis submarina	PEG_BVOL
Oocystis	Oocystis	PEG_BVOL
Quadricoccus ellipticus	Quadricoccus ellipticus	PEG_BVOL
Quadricoccus euryhalinicus	Quadricoccus euryhalinicus	PEG_BVOL
Quadricoccus verrucosus	Quadricoccus verrucosus	PEG_BVOL
Tetrachlorella alternans	Tetrachlorella alternans	PEG_BVOL
Botryococcus	Botryococcus	PEG_BVOL
Crucigenia fenestrata	Crucigenia fenestrata	PEG_BVOL
Crucigenia quadrata	Crucigenia quadrata	PEG_BVOL
Crucigenia tetrapedia	Crucigenia tetrapedia	PEG_BVOL
Crucigenia lauterbornii	Lemmermannia komarekii	PEG_BVOL
Oltmannsiellopsis	Oltmannsiellopsis	PEG_BVOL
Binuclearia lauterbornii	Binuclearia lauterbornii	PEG_BVOL
Ulotrichales	Ulotrichales	PEG_BVOL
Bicosoeca	Bicosoeca	PEG_BVOL
Cryothecomonas scybalophora	Cryothecomonas scybalophora	PEG_BVOL
Cryothecomonas	Cryothecomonas	PEG_BVOL
Diaphanoeca grandis	Diaphanoeca grandis	PEG_BVOL
Diaphanoeca sphaerica	Diaphanoeca sphaerica	PEG_BVOL
Diaphanoeca	Diaphanoeca	PEG_BVOL
Desmarella moniliformis	Desmarella moniliformis	PEG_BVOL
Monosiga	Monosiga	PEG_BVOL
Salpingoeca	Salpingoeca	PEG_BVOL
Calliacantha longicaudata	Calliacantha longicaudata	PEG_BVOL
Calliacantha natans	Calliacantha natans	PEG_BVOL
Calliacantha simplex	Calliacantha simplex	PEG_BVOL
Calliacantha	Calliacantha	PEG_BVOL
Ebria tripartita	Ebria tripartita	PEG_BVOL
Commation	Commation	PEG_BVOL
Cryptaulax marina	Cryptaulax marina	PEG_BVOL
Cryptaulax	Cryptaulax	PEG_BVOL
Katablepharis ovalis	Katablepharis ovalis	PEG_BVOL
Kathablepharis remigera	Katablepharis remigera	PEG_BVOL
Katablepharis	Katablepharis	PEG_BVOL
Leucocryptos marina	Leucocryptos marina	PEG_BVOL
Leucocryptos	Leucocryptos	PEG_BVOL
Telonema antarcticum	Telonema antarcticum	PEG_BVOL
Telonema subtile	Telonema subtile	PEG_BVOL
Telonema	Telonema	PEG_BVOL
Laboea strobila	Laboea strobila	PEG_BVOL
Mesodinium rubrum	Mesodinium rubrum	PEG_BVOL
Choanoflagellidea	Choanoflagellatea	PEG_BVOL
Cyclotella hakanssoniae	Cyclotella choctawhatcheeana	PEG_BVOL
Ulnaria ulna var. ulna	Synedra ulna	PEG_BVOL
Ulnaria ulna	Synedra ulna	PEG_BVOL
Urosolenia longiseta	Rhizosolenia longiseta	PEG_BVOL
Staurodesmus dejectus	Staurodesmus	PEG_BVOL
Planctonema lauterbornii	Binuclearia lauterbornii	PEG_BVOL
Chaetoceros impressus	Chaetoceros castracanei	PEG_BVOL
Pseudopedinella tricostata	Pseudopedinella thomsenii	PEG_BVOL
Cladopyxis claytonii	Micracanthodinium claytonii	PEG_BVOL
Pseudo-nitzschia seriata f. seriata	Pseudo-nitzschia seriata	PEG_BVOL
Thalassiosira rotula	Thalassiosira gravida	PEG_BVOL
Chaetoceros socialis f. radians	Chaetoceros socialis	PEG_BVOL
Prorocentrum redfieldii	Prorocentrum triestinum	PEG_BVOL
Gymnodinium sanguineum	Akashiwo sanguinea	PEG_BVOL
Navicula lesmonensis	Hippodonta lesmonensis	PEG_BVOL
Peridinium inconspicuum	Parvodinium inconspicuum	PEG_BVOL
Diatoma vulgaris var. vulgaris	Diatoma vulgaris	PEG_BVOL
Koliella longiseta f. longiset	Koliella longiseta	PEG_BVOL
Koliella longiseta f. longiseta	Koliella longiseta	PEG_BVOL
Hippodonta capitata var. capitata	Hippodonta capitata	PEG_BVOL
Tychonema tenue	Tychonema bourrellyi 	PEG_BVOL
Chaetoceros socialis/gelidus	Chaetoceros socialis	PEG_BVOL
Diatoma vulgaris var. vulgaris	Diatoma vulgaris	PEG_BVOL
Cyanocatena imperfecta	Cyanodictyon imperfectum	PEG_BVOL
Chaetoceros gelidus	Chaetoceros socialis	PEG_BVOL
Karlodinium micrum	Karlodinium veneficum	PEG_BVOL
Gyrodinium calyptroglyphe	Sclerodinium calyptroglyphe	PEG_BVOL
Dictyocha speculum	Octactis speculum	PEG_BVOL
Gymnodinium simplex	Protodinium simplex	PEG_BVOL
Flagellate	Flagellates	PEG_BVOL
Flagellates	Flagellates	PEG_BVOL
Tripos lineatus	Tripos lineatus	PEG_BVOL
Octactis speculum	Octactis speculum	PEG_BVOL
Tripos longipes	Tripos longipes	PEG_BVOL
Tripos muelleri	Tripos muelleri	PEG_BVOL
Octactis speculum	Octactis speculum	PEG_BVOL
Protodinium simplex	Protodinium simplex	PEG_BVOL
Tripos horridus	Tripos horridus	PEG_BVOL
Monoraphidium arcuatum	Ankistrodesmus arcuatus	PEG_BVOL

Scenedesmus s.lat.	Scenedesmus	PEG_BVOL
